--- 
AL:
  id: "1"
  name: Alabama
  abbreviation: AL
AK:
  id: 2
  name: Alaska
  abbreviation: AK
AZ:
  id: "3"
  name: Arizona
  abbreviation: AZ
AR:
  id: "4"
  name: Arkansas
  abbreviation: AR
CA:
  id: "5"
  name: California
  abbreviation: CA
CO:
  id: "6"
  name: Colorado
  abbreviation: CO
CT:
  id: "7"
  name: Connecticut
  abbreviation: CT
DE:
  id: "8"
  name: Delaware
  abbreviation: DE
DC:
  id: "9"
  name: District of Columbia
  abbreviation: DC
FL:
  id: "10"
  name: Florida
  abbreviation: FL
GA:
  id: "11"
  name: Georgia
  abbreviation: GA
HI:
  id: "12"
  name: Hawaii
  abbreviation: HI
ID:
  id: "13"
  name: Idaho
  abbreviation: ID
IL:
  id: "14"
  name: Illinois
  abbreviation: IL
IN:
  id: "15"
  name: Indiana
  abbreviation: IN
IA:
  id: "16"
  name: Iowa
  abbreviation: IA
KS:
  id: "17"
  name: Kansas
  abbreviation: KS
KY:
  id: "18"
  name: Kentucky
  abbreviation: KY
LA:
  id: "19"
  name: Louisiana
  abbreviation: LA
ME:
  id: "20"
  name: Maine
  abbreviation: ME
MD:
  id: "21"
  name: Maryland
  abbreviation: MD
MA:
  id: "22"
  name: Massachusetts
  abbreviation: MA
MI:
  id: "23"
  name: Michigan
  abbreviation: MI
MN:
  id: "24"
  name: Minnesota
  abbreviation: MN
MS:
  id: "25"
  name: Mississippi
  abbreviation: MS
MO:
  id: "26"
  name: Missouri
  abbreviation: MO
MT:
  id: "27"
  name: Montana
  abbreviation: MT
NE:
  id: "28"
  name: Nebraska
  abbreviation: NE
NV:
  id: "29"
  name: Nevada
  abbreviation: NV
NH:
  id: "30"
  name: New Hampshire
  abbreviation: NH
NJ:
  id: "31"
  name: New Jersey
  abbreviation: NJ
NM:
  id: "32"
  name: New Mexico
  abbreviation: NM
NY:
  id: "33"
  name: New York
  abbreviation: NY
NC:
  id: "34"
  name: North Carolina
  abbreviation: NC
ND:
  id: "35"
  name: North Dakota
  abbreviation: ND
OH:
  id: "36"
  name: Ohio
  abbreviation: OH
OK:
  id: "37"
  name: Oklahoma
  abbreviation: OK
OR:
  id: "38"
  name: Oregon
  abbreviation: OR
PA:
  id: "39"
  name: Pennsylvania
  abbreviation: PA
RI:
  id: "40"
  name: Rhode Island
  abbreviation: RI
SC:
  id: "41"
  name: South Carolina
  abbreviation: SC
SD:
  id: "42"
  name: South Dakota
  abbreviation: SD
TN:
  id: "43"
  name: Tennessee
  abbreviation: TN
TX:
  id: "44"
  name: Texas
  abbreviation: TX
UT:
  id: "45"
  name: Utah
  abbreviation: UT
VT:
  id: "46"
  name: Vermont
  abbreviation: VT
VA:
  id: "47"
  name: Virginia
  abbreviation: VA
WA:
  id: "48"
  name: Washington
  abbreviation: WA
WV:
  id: "49"
  name: West Virginia
  abbreviation: WV
WI:
  id: "50"
  name: Wisconsin
  abbreviation: WI
WY:
  id: "51"
  name: Wyoming
  abbreviation: WY
